{"cameraMode":{"drawMode":0,"name":"Shaded","section":"Shading Mode"},"sceneLighting":false,"audioPlay":false,"sceneViewState":{"showFog":true,"showMaterialUpdate":false,"showSkybox":false,"showFlares":true,"showImageEffects":true,"showParticleSystems":true},"in2DMode":false,"pivot":{"x":-0.008001327514648438,"y":0.818412721157074,"z":-6.023852348327637},"rotation":{"x":-0.13187886774539948,"y":0.02586602233350277,"z":-0.0034426585771143438,"w":-0.9909234642982483},"size":3.2973482608795168,"orthographic":false}