{"cameraMode":{"drawMode":0,"name":"Shaded","section":"Shading Mode"},"sceneLighting":true,"audioPlay":false,"sceneViewState":{"showFog":true,"showMaterialUpdate":false,"showSkybox":true,"showFlares":true,"showImageEffects":true,"showParticleSystems":true},"in2DMode":false,"pivot":{"x":3.0882320404052736,"y":-16.737865447998048,"z":99977.359375},"rotation":{"x":-0.13187886774539948,"y":0.02586602233350277,"z":-0.0034426585771143438,"w":-0.9909234642982483},"size":111.11183166503906,"orthographic":false}