{"cameraMode":{"drawMode":0,"name":"Shaded","section":"Shading Mode"},"sceneLighting":false,"audioPlay":false,"sceneViewState":{"showFog":true,"showMaterialUpdate":false,"showSkybox":false,"showFlares":true,"showImageEffects":true,"showParticleSystems":true},"in2DMode":false,"pivot":{"x":0.3450889587402344,"y":0.1504809558391571,"z":0.03492233157157898},"rotation":{"x":0.0023769736289978029,"y":0.9842871427536011,"z":-0.17606134712696076,"w":0.013288690708577633},"size":22.0,"orthographic":false}