{"cameraMode":{"drawMode":0,"name":"Shaded","section":"Shading Mode"},"sceneLighting":true,"audioPlay":false,"sceneViewState":{"showFog":true,"showMaterialUpdate":false,"showSkybox":true,"showFlares":true,"showImageEffects":true,"showParticleSystems":true},"in2DMode":false,"pivot":{"x":621.7717895507813,"y":250.6400146484375,"z":0.0},"rotation":{"x":0.16750189661979676,"y":-0.013002761639654637,"z":0.002210062462836504,"w":0.9857859015464783},"size":698.1668701171875,"orthographic":false}