{"cameraMode":{"drawMode":0,"name":"Shaded","section":"Shading Mode"},"sceneLighting":false,"audioPlay":false,"sceneViewState":{"showFog":true,"showMaterialUpdate":false,"showSkybox":false,"showFlares":true,"showImageEffects":true,"showParticleSystems":true},"in2DMode":false,"pivot":{"x":0.0,"y":0.33000001311302187,"z":3.700000286102295},"rotation":{"x":0.3575455844402313,"y":0.07552602887153626,"z":-0.029024813324213029,"w":0.9303841590881348},"size":18.12974739074707,"orthographic":false}