{"cameraMode":{"drawMode":0,"name":"Shaded","section":"Shading Mode"},"sceneLighting":true,"audioPlay":false,"sceneViewState":{"showFog":true,"showMaterialUpdate":false,"showSkybox":true,"showFlares":true,"showImageEffects":true,"showParticleSystems":true},"in2DMode":false,"pivot":{"x":-0.052623748779296878,"y":2.4788098335266115,"z":-0.1082010269165039},"rotation":{"x":-0.06487155705690384,"y":0.933182954788208,"z":-0.2168353646993637,"w":-0.27918434143066409},"size":21.966135025024415,"orthographic":false}