{"cameraMode":{"drawMode":0,"name":"Shaded","section":"Shading Mode"},"sceneLighting":true,"audioPlay":false,"sceneViewState":{"showFog":true,"showMaterialUpdate":false,"showSkybox":true,"showFlares":true,"showImageEffects":true,"showParticleSystems":true},"in2DMode":false,"pivot":{"x":-1.8946309089660645,"y":0.2837486267089844,"z":-1.9105758666992188},"rotation":{"x":-0.17246466875076295,"y":0.39292609691619875,"z":-0.07528617233037949,"w":-0.9001094102859497},"size":12.301526069641114,"orthographic":false}