{"cameraMode":{"drawMode":0,"name":"Shaded","section":"Shading Mode"},"sceneLighting":true,"audioPlay":false,"sceneViewState":{"showFog":true,"showMaterialUpdate":false,"showSkybox":true,"showFlares":true,"showImageEffects":true,"showParticleSystems":true},"in2DMode":false,"pivot":{"x":7.438730716705322,"y":49.28380584716797,"z":-57.19935989379883},"rotation":{"x":-0.24301978945732118,"y":-0.13134616613388062,"z":0.03323245793581009,"w":-0.9605147838592529},"size":65.0240707397461,"orthographic":false}