{"cameraMode":{"drawMode":0,"name":"Shaded","section":"Shading Mode"},"sceneLighting":true,"audioPlay":false,"sceneViewState":{"showFog":true,"showMaterialUpdate":false,"showSkybox":true,"showFlares":true,"showImageEffects":true,"showParticleSystems":true},"in2DMode":false,"pivot":{"x":-1.6403322219848633,"y":0.037171363830566409,"z":1.2982101440429688},"rotation":{"x":-0.0018929998623207212,"y":0.9760138988494873,"z":-0.21754874289035798,"w":-0.008490829728543759},"size":27.353294372558595,"orthographic":false}