{"cameraMode":{"drawMode":0,"name":"Shaded","section":"Shading Mode"},"sceneLighting":true,"audioPlay":false,"sceneViewState":{"showFog":true,"showMaterialUpdate":false,"showSkybox":true,"showFlares":true,"showImageEffects":true,"showParticleSystems":true},"in2DMode":false,"pivot":{"x":0.15280981361865998,"y":0.7080569267272949,"z":0.9522819519042969},"rotation":{"x":-0.0018929998623207212,"y":0.9760138988494873,"z":-0.21754874289035798,"w":-0.008490829728543759},"size":12.917771339416504,"orthographic":false}