{"cameraMode":{"drawMode":0,"name":"Shaded","section":"Shading Mode"},"sceneLighting":true,"audioPlay":false,"sceneViewState":{"showFog":true,"showMaterialUpdate":false,"showSkybox":true,"showFlares":true,"showImageEffects":true,"showParticleSystems":true},"in2DMode":false,"pivot":{"x":-0.3553433120250702,"y":-0.40947484970092776,"z":2.801506996154785},"rotation":{"x":-0.0031337239779531957,"y":0.9515767693519592,"z":-0.30724194645881655,"w":-0.009705082513391972},"size":12.418549537658692,"orthographic":false}