{"cameraMode":{"drawMode":0,"name":"Shaded","section":"Shading Mode"},"sceneLighting":true,"audioPlay":false,"sceneViewState":{"showFog":true,"showMaterialUpdate":false,"showSkybox":true,"showFlares":true,"showImageEffects":true,"showParticleSystems":true},"in2DMode":false,"pivot":{"x":3.2974562644958498,"y":2.844297409057617,"z":1.0820484161376954},"rotation":{"x":-0.14524894952774049,"y":-0.024635765701532365,"z":0.0036179027520120146,"w":-0.9890817403793335},"size":18.799283981323243,"orthographic":false}