{"cameraMode":{"drawMode":0,"name":"Shaded","section":"Shading Mode"},"sceneLighting":true,"audioPlay":false,"sceneViewState":{"showFog":true,"showMaterialUpdate":false,"showSkybox":true,"showFlares":true,"showImageEffects":true,"showParticleSystems":true},"in2DMode":false,"pivot":{"x":0.6518782377243042,"y":-0.25801753997802737,"z":-4.716609954833984},"rotation":{"x":0.4794100224971771,"y":0.03420964628458023,"z":-0.01870649866759777,"w":0.8767247200012207},"size":18.791946411132814,"orthographic":false}