{"cameraMode":{"drawMode":0,"name":"Shaded","section":"Shading Mode"},"sceneLighting":false,"audioPlay":false,"sceneViewState":{"showFog":true,"showMaterialUpdate":false,"showSkybox":false,"showFlares":true,"showImageEffects":true,"showParticleSystems":true},"in2DMode":false,"pivot":{"x":51.18903732299805,"y":14.787495613098145,"z":100000.0},"rotation":{"x":-0.13191542029380799,"y":-0.01130298338830471,"z":0.0015043565072119237,"w":-0.9911958575248718},"size":99.31619262695313,"orthographic":false}