{"cameraMode":{"drawMode":0,"name":"Shaded","section":"Shading Mode"},"sceneLighting":true,"audioPlay":false,"sceneViewState":{"showFog":true,"showMaterialUpdate":false,"showSkybox":true,"showFlares":true,"showImageEffects":true,"showParticleSystems":true},"in2DMode":false,"pivot":{"x":-1.8704813718795777,"y":-1.6798148155212403,"z":3.695143699645996},"rotation":{"x":0.24581627547740937,"y":-0.23921434581279756,"z":0.06274057924747467,"w":0.9372380375862122},"size":7.06419038772583,"orthographic":false}