{"cameraMode":{"drawMode":0,"name":"Shaded","section":"Shading Mode"},"sceneLighting":false,"audioPlay":false,"sceneViewState":{"showFog":true,"showMaterialUpdate":false,"showSkybox":false,"showFlares":true,"showImageEffects":true,"showParticleSystems":true},"in2DMode":false,"pivot":{"x":-0.008001327514648438,"y":0.818412721157074,"z":5.976147651672363},"rotation":{"x":-0.2795260548591614,"y":0.05670064315199852,"z":-0.016538646072149278,"w":-0.9583186507225037},"size":3.2973482608795168,"orthographic":false}